full_name,passphrase
Betsy Belson,40e5897
Aldric Itzkovsky,82l1272
Rheta Carrack,89h8290
Archy Lebel,78r1756
Eba Towsie,36b4190
Udale Strathe,61d2743
Sutherland Bullard,78u0732
Pollyanna Widmore,23o0656
Minni Lindro,73i6807
Miof mela Sparrowe,33i0214
Gideon Fink,87i9827
Clywd Petrushkevich,66l6828
Garvy Quarles,3a5073
Rosette Skyram,92o5865
Massimo Dunkinson,66a3013
Loni Rosenfarb,14o4930
Jephthah Sirman,17e8340
Bailie Skough,70a1046
Grantley Keyes,15r2725
Hallsy OHartigan,63a0656
Pippo Larkin,96i9396
Gayleen Crookston,39a8180
Christabella Kniveton,57h9726
Lazaro Lomis,17a7321
Belva Nasi,3e3618
Roberta Tingly,66o7255
Kellen Flear,43e5412
Judon Santen,11u2087
Caron Leathes,69a9928
Jessee Poulden,6e6584
Kristina Hunnicot,85r8076
Freddy McCosker,3r8288
Ollie Shallo,37l5436
Alicea Summerson,94l4781
Jazmin Planke,91a7679
Gale Lamswood,8a0000
Keenan Malecky,80e5039
Kristin Stanhope,83r1980
Warner DOrsay,42a7670
Shirline Carrigan,80h5279
Ollie Pudsey,78l9272
Jasper Martinovsky,82a1357
Abrahan Boughton,48b0422
Slade Hardistry,42l4714
Romona Crowson,76o4319
Anatole Doerling,89n7985
Rickie Creeghan,34i3908
Rudolfo Bigglestone,57u6609
Broderick Oldknowe,48r2911
Maridel Ruffey,56a2737
